﻿<?xml version="1.0" encoding="utf-8"?>
<key id="468aa5ce-f713-4e5c-9533-7c8003d6959d" version="1">
  <creationDate>2020-05-07T00:41:26.776242Z</creationDate>
  <activationDate>2020-05-07T00:41:26.695748Z</activationDate>
  <expirationDate>2020-08-05T00:41:26.695748Z</expirationDate>
  <descriptor deserializerType="Microsoft.AspNetCore.DataProtection.AuthenticatedEncryption.ConfigurationModel.AuthenticatedEncryptorDescriptorDeserializer, Microsoft.AspNetCore.DataProtection, Version=3.1.3.0, Culture=neutral, PublicKeyToken=adb9793829ddae60">
    <descriptor>
      <encryption algorithm="AES_256_CBC" />
      <validation algorithm="HMACSHA256" />
      <masterKey p4:requiresEncryption="true" xmlns:p4="http://schemas.asp.net/2015/03/dataProtection">
        <!-- Warning: the key below is in an unencrypted form. -->
        <value>VD74wlIqN+GUgbFnwNz7hAeWrSJSev8WfM687rbTw32OenzKm5Ym+VoorykewUtvnRQF9G83y+85lkJ0GpQocQ==</value>
      </masterKey>
    </descriptor>
  </descriptor>
</key>